entity,project,run_name,run_id,state,created_at,url
s7rakuma-uob,pepper-segmentation-grid-colorjitter-moderate,"image_size[640, 360]_batch_size3_learning_rate2e-4_epochs100_log_freq10_colorjitter_prob0.5_brightness0.7 1.3_contrast0.7 1.3_saturation0.7 1.3_hue-0.05 0.05",jxfih4sh,finished,2025-09-16T18:26:21Z,https://wandb.ai/s7rakuma-uob/pepper-segmentation-grid-colorjitter-moderate/runs/jxfih4sh
s7rakuma-uob,pepper-segmentation-grid-colorjitter-aggressive,"image_size[640, 360]_batch_size3_learning_rate2e-4_epochs100_log_freq10_colorjitter_prob0.5_brightness0.65 1.35_contrast0.65 1.35_saturation0.65 1.35_hue-0.05 0.05",sfn9mz72,finished,2025-09-16T12:01:32Z,https://wandb.ai/s7rakuma-uob/pepper-segmentation-grid-colorjitter-aggressive/runs/sfn9mz72
s7rakuma-uob,pepper-segmentation-grid-colorjitter-low,"image_size[640, 360]_batch_size3_learning_rate2e-4_epochs100_log_freq10_colorjitter_prob0.5_brightness0.9 1.1_contrast0.9 1.1_saturation0.9 1.1_hue-0.05 0.05",d0ujmv10,finished,2025-09-16T15:18:13Z,https://wandb.ai/s7rakuma-uob/pepper-segmentation-grid-colorjitter-low/runs/d0ujmv10
s7rakuma-uob,pepper-segmentation-grid-blur-aggressive,"image_size[640, 360]_batch_size3_learning_rate2e-4_epochs100_log_freq10_blur_prob0.5_blur_kernel15_blur_sigma1.5",jmzn8g8q,finished,2025-09-15T22:43:31Z,https://wandb.ai/s7rakuma-uob/pepper-segmentation-grid-blur-aggressive/runs/jmzn8g8q
s7rakuma-uob,pepper-segmentation-grid-blur-aggressive,"image_size[640, 360]_batch_size3_learning_rate2e-4_epochs100_log_freq10_blur_prob0.5_blur_kernel15_blur_sigma2.0",nwkwiu0w,finished,2025-09-16T01:46:17Z,https://wandb.ai/s7rakuma-uob/pepper-segmentation-grid-blur-aggressive/runs/nwkwiu0w
s7rakuma-uob,pepper-segmentation-grid-blur-moderate,"image_size[640, 360]_batch_size3_learning_rate2e-4_epochs100_log_freq10_blur_prob0.5_blur_kernel5_blur_sigma0.5",qwyxs590,finished,2025-09-16T04:50:28Z,https://wandb.ai/s7rakuma-uob/pepper-segmentation-grid-blur-moderate/runs/qwyxs590
s7rakuma-uob,pepper-segmentation-grid-blur-moderate,"image_size[640, 360]_batch_size3_learning_rate2e-4_epochs100_log_freq10_blur_prob0.5_blur_kernel5_blur_sigma1.5",096k0uzz,finished,2025-09-16T07:51:37Z,https://wandb.ai/s7rakuma-uob/pepper-segmentation-grid-blur-moderate/runs/096k0uzz
s7rakuma-uob,pepper-segmentation-grid-blur-low,"image_size[640, 360]_batch_size3_learning_rate2e-4_epochs100_log_freq10_blur_prob0.5_blur_kernel3_blur_sigma0.1",8rhut0f6,finished,2025-09-15T16:37:10Z,https://wandb.ai/s7rakuma-uob/pepper-segmentation-grid-blur-low/runs/8rhut0f6
s7rakuma-uob,pepper-segmentation-grid-blur-low,"image_size[640, 360]_batch_size3_learning_rate2e-4_epochs100_log_freq10_blur_prob0.5_blur_kernel3_blur_sigma0.5",8pfn4j3b,finished,2025-09-15T19:40:06Z,https://wandb.ai/s7rakuma-uob/pepper-segmentation-grid-blur-low/runs/8pfn4j3b
s7rakuma-uob,pepper-segmentation-grid-resize,"image_size[256, 144]_batch_size3_learning_rate2e-4_epochs100_log_freq10",is4lg0cl,finished,2025-09-14T11:52:54Z,https://wandb.ai/s7rakuma-uob/pepper-segmentation-grid-resize/runs/is4lg0cl
s7rakuma-uob,pepper-segmentation-grid-resize,"image_size[512, 288]_batch_size3_learning_rate2e-4_epochs100_log_freq10",onw5ieie,finished,2025-09-14T13:45:35Z,https://wandb.ai/s7rakuma-uob/pepper-segmentation-grid-resize/runs/onw5ieie
s7rakuma-uob,pepper-segmentation-grid-resize,"image_size[640, 360]_batch_size3_learning_rate2e-4_epochs100_log_freq10",oi0ul8b7,finished,2025-09-14T16:30:05Z,https://wandb.ai/s7rakuma-uob/pepper-segmentation-grid-resize/runs/oi0ul8b7
s7rakuma-uob,pepper-segmentation-grid-resize,"image_size[768, 432]_batch_size2_learning_rate2e-4_epochs100_log_freq10",1qbjbgmn,finished,2025-09-14T20:40:50Z,https://wandb.ai/s7rakuma-uob/pepper-segmentation-grid-resize/runs/1qbjbgmn
s7rakuma-uob,pepper-segmentation-grid-resize,"image_size[1280, 720]_batch_size1_learning_rate2e-4_epochs100_log_freq10",qz1wfz0d,finished,2025-09-15T02:26:14Z,https://wandb.ai/s7rakuma-uob/pepper-segmentation-grid-resize/runs/qz1wfz0d
s7rakuma-uob,pepper-segmentation-grid,cutmix_alpha0.5_cutmix_prob0.5_learning_rate1e-4_batch_size3_epochs100_log_freq10,znnwnr6b,finished,2025-08-10T12:06:36Z,https://wandb.ai/s7rakuma-uob/pepper-segmentation-grid/runs/znnwnr6b
s7rakuma-uob,pepper-segmentation-grid,cutmix_alpha0.5_cutmix_prob0.3_learning_rate1e-4_batch_size3_epochs100_log_freq10,ppbicepc,finished,2025-08-10T18:24:23Z,https://wandb.ai/s7rakuma-uob/pepper-segmentation-grid/runs/ppbicepc
s7rakuma-uob,pepper-segmentation-grid,cutmix_alpha0.5_cutmix_prob0.7_learning_rate1e-4_batch_size3_epochs100_log_freq10,q2x955gu,finished,2025-08-10T21:53:05Z,https://wandb.ai/s7rakuma-uob/pepper-segmentation-grid/runs/q2x955gu
s7rakuma-uob,pepper-segmentation-grid,cutmix_alpha1.0_cutmix_prob0.3_learning_rate1e-4_batch_size3_epochs100_log_freq10,1dcw71mb,finished,2025-08-11T01:09:43Z,https://wandb.ai/s7rakuma-uob/pepper-segmentation-grid/runs/1dcw71mb
s7rakuma-uob,pepper-segmentation-grid,cutmix_alpha1.0_cutmix_prob0.5_learning_rate1e-4_batch_size3_epochs100_log_freq10,sk3hx9c6,finished,2025-08-11T04:33:05Z,https://wandb.ai/s7rakuma-uob/pepper-segmentation-grid/runs/sk3hx9c6
s7rakuma-uob,pepper-segmentation-grid,cutmix_alpha1.0_cutmix_prob0.7_learning_rate1e-4_batch_size3_epochs100_log_freq10,4uqoo6dv,finished,2025-08-11T07:30:05Z,https://wandb.ai/s7rakuma-uob/pepper-segmentation-grid/runs/4uqoo6dv
s7rakuma-uob,pepper-segmentation-grid,cutmix_alpha1.5_cutmix_prob0.3_learning_rate1e-4_batch_size3_epochs100_log_freq10,551ouxf3,finished,2025-08-11T16:35:44Z,https://wandb.ai/s7rakuma-uob/pepper-segmentation-grid/runs/551ouxf3
s7rakuma-uob,pepper-segmentation-grid,cutmix_alpha1.5_cutmix_prob0.5_learning_rate1e-4_batch_size3_epochs100_log_freq10,s75lipsi,finished,2025-08-11T19:27:14Z,https://wandb.ai/s7rakuma-uob/pepper-segmentation-grid/runs/s75lipsi
s7rakuma-uob,pepper-segmentation-grid,cutmix_alpha1.5_cutmix_prob0.7_learning_rate1e-4_batch_size3_epochs100_log_freq10,9609q9z6,finished,2025-08-11T22:16:18Z,https://wandb.ai/s7rakuma-uob/pepper-segmentation-grid/runs/9609q9z6
s7rakuma-uob,pepper-segmentation-sweep,cutmix_a1.0_p0.5_lr0.0002_bs3,xfdfb1d7,finished,2025-08-06T12:22:15Z,https://wandb.ai/s7rakuma-uob/pepper-segmentation-sweep/runs/xfdfb1d7
s7rakuma-uob,pepper-segmentation-sweep,cutmix_a1.0_p0.5_lr0.0002_bs3,fhdfktky,finished,2025-08-06T16:02:09Z,https://wandb.ai/s7rakuma-uob/pepper-segmentation-sweep/runs/fhdfktky
s7rakuma-uob,pepper-segmentation-sweep,cutmix_a0.5_p0.7_lr0.0002_bs3,xn9d8291,finished,2025-08-06T23:10:31Z,https://wandb.ai/s7rakuma-uob/pepper-segmentation-sweep/runs/xn9d8291
s7rakuma-uob,pepper-segmentation-sweep,cutmix_a0.5_p0.3_lr0.0002_bs3,t9vlbu5v,finished,2025-08-07T02:20:20Z,https://wandb.ai/s7rakuma-uob/pepper-segmentation-sweep/runs/t9vlbu5v
s7rakuma-uob,pepper-segmentation-sweep,cutmix_a1.0_p0.7_lr0.0002_bs3,4fda1gq1,finished,2025-08-07T05:29:47Z,https://wandb.ai/s7rakuma-uob/pepper-segmentation-sweep/runs/4fda1gq1
s7rakuma-uob,pepper-segmentation-sweep,cutmix_a1.5_p0.3_lr0.0002_bs3,4nr19mz2,finished,2025-08-07T08:38:43Z,https://wandb.ai/s7rakuma-uob/pepper-segmentation-sweep/runs/4nr19mz2
s7rakuma-uob,pepper-segmentation-sweep,cutmix_a1.5_p0.7_lr0.0002_bs3,nsi89ksc,finished,2025-08-07T12:40:09Z,https://wandb.ai/s7rakuma-uob/pepper-segmentation-sweep/runs/nsi89ksc
s7rakuma-uob,pepper-segmentation-sweep,cutmix_a1.0_p0.3_lr0.0002_bs3,kgf0i9ex,finished,2025-08-07T22:09:02Z,https://wandb.ai/s7rakuma-uob/pepper-segmentation-sweep/runs/kgf0i9ex
s7rakuma-uob,pepper-segmentation-sweep,cutmix_a1.0_p0.5_lr0.0002_bs3,yrfqkrox,finished,2025-08-08T01:31:12Z,https://wandb.ai/s7rakuma-uob/pepper-segmentation-sweep/runs/yrfqkrox
s7rakuma-uob,pepper-segmentation-sweep,cutmix_a1.5_p0.5_lr0.0002_bs3,vysvhp40,finished,2025-08-08T04:59:05Z,https://wandb.ai/s7rakuma-uob/pepper-segmentation-sweep/runs/vysvhp40
s7rakuma-uob,pepper-segmentation-sweep,cutmix_a1.0_p0.5_lr0.0002_bs3,9rfrbs0s,failed,2025-08-10T08:45:31Z,https://wandb.ai/s7rakuma-uob/pepper-segmentation-sweep/runs/9rfrbs0s
